treat,treat_no,sub,no,death_date,time,exclude,censor,censor2,censor3,source_pop,eclosion_date,Experiment_date,age,exp_age,tot_eggs,tot_offspring,viability,avg_eggs,avg_offspring,random,m.off.tot,m.age,m.off.avg,m.egg.tot,m.egg.avg,eggs_7d,off_7d,thorax,wing
20% SYA,1,L,1,28/07/2018,am,n,1,0,1,3,21/05/2018,26/05/2018,68,63,373,285,0.764075067,5.49,4.19,tc,67,7,9.57,97,13.86,87,77,0.905,NA
100% SYA,2,L,2,01/06/2018,am,n,1,1,0,4,22/05/2018,26/05/2018,10,6,21,16,0.761904762,2.1,1.6,ta,0,0,NA,0,NA,21,16,1.02,1.515
100% SYA,2,L,3,24/07/2018,pm,n,1,0,1,1,22/05/2018,26/05/2018,63,59,545,450,0.825688073,8.65,7.14,tc,145,7,20.71,174,24.86,77,59,0.955,1.515
20% SYA,1,L,4,09/08/2018,am,n,1,0,1,1,22/05/2018,26/05/2018,79,75,510,407,0.798039216,6.46,5.15,ta,87,9,9.67,125,13.89,87,90,1.005,NA
20% SYA,1,L,5,17/07/2018,am,n,1,0,1,2,21/05/2018,26/05/2018,57,52,386,347,0.898963731,6.77,6.09,tc,88,6,14.67,103,17.17,84,81,0.99,NA
20% SYA,1,L,6,14/07/2018,am,n,1,1,0,4,21/05/2018,26/05/2018,54,49,386,274,0.70984456,7.15,5.07,tc,74,5,14.8,90,18,102,92,1.035,1.46
20% SYA,1,L,7,13/07/2018,am,n,1,1,0,2,21/05/2018,26/05/2018,53,48,394,337,0.855329949,7.43,6.36,ta,82,5,16.4,89,17.8,110,98,0.96,1.495
120% SYA,3,L,8,01/08/2018,am,n,1,0,1,4,22/05/2018,26/05/2018,71,67,422,355,0.841232227,5.94,5,tc,122,8,15.25,127,15.88,89,61,1.01,NA
120% SYA,3,L,9,28/06/2018,am,n,1,1,0,2,22/05/2018,26/05/2018,37,33,291,230,0.790378007,7.86,6.22,tb,64,3,21.33,77,25.67,91,72,NA,NA
20% SYA,1,L,10,30/07/2018,am,n,1,0,1,3,21/05/2018,26/05/2018,70,65,404,339,0.839108911,5.77,4.84,tc,109,7,15.57,150,21.43,62,57,0.91,1.385
20% SYA,1,L,11,31/07/2018,am,n,1,0,1,4,22/05/2018,26/05/2018,70,66,511,433,0.847358121,7.3,6.19,ta,158,7,22.57,200,28.57,42,35,0.865,1.355
120% SYA,3,L,12,19/07/2018,pm,n,1,0,1,4,22/05/2018,26/05/2018,58,54,358,250,0.698324022,6.17,4.31,tc,71,6,11.83,120,20,82,61,1.025,1.485
100% SYA,2,L,13,01/07/2018,am,n,1,1,0,2,22/05/2018,26/05/2018,40,36,158,111,0.702531646,3.95,2.78,tb,31,4,7.75,39,9.75,37,33,1.045,1.53
120% SYA,3,L,14,07/06/2018,pm,n,1,1,0,1,22/05/2018,26/05/2018,16,12,128,112,0.875,8,7,tb,56,2,28,41,20.5,85,74,1.05,NA
100% SYA,2,L,15,31/07/2018,pm,n,1,0,1,1,22/05/2018,26/05/2018,70,66,584,490,0.839041096,8.34,7,tb,127,8,15.88,145,18.13,95,71,1.02,1.525
120% SYA,3,L,16,13/08/2018,am,n,1,0,1,2,22/05/2018,26/05/2018,83,79,474,390,0.82278481,5.71,4.7,tc,123,9,13.67,144,16,82,68,1.025,NA
100% SYA,2,L,17,28/05/2018,pm,y,0,0,0,1,22/05/2018,26/05/2018,6,2,7,8,1.142857143,1.17,1.33,tb,0,0,NA,0,NA,7,8,NA,NA
20% SYA,1,L,18,22/07/2018,am,n,1,0,1,2,21/05/2018,26/05/2018,62,57,440,358,0.813636364,7.1,5.77,tc,100,6,16.67,142,23.67,57,46,0.955,NA
100% SYA,2,L,19,10/06/2018,pm,n,0,0,0,1,22/05/2018,26/05/2018,19,15,163,133,0.81595092,8.58,7,ta,46,1,46,50,50,62,55,NA,NA
100% SYA,2,L,20,28/05/2018,pm,y,0,0,0,4,22/05/2018,26/05/2018,6,2,0,0,#DIV/0!,0,0,ta,0,0,NA,0,NA,0,0,NA,NA
100% SYA,2,L,21,27/07/2018,am,n,1,0,1,1,22/05/2018,26/05/2018,66,62,628,540,0.859872611,9.52,8.18,ta,164,7,23.43,182,26,102,89,1.035,NA
120% SYA,3,L,22,15/06/2018,pm,n,0,0,0,1,22/05/2018,26/05/2018,24,20,295,210,0.711864407,12.29,8.75,tc,54,2,27,75,37.5,110,88,NA,NA
100% SYA,2,L,23,06/08/2018,pm,n,1,0,1,3,22/05/2018,26/05/2018,76,72,503,442,0.878727634,6.62,5.82,tc,139,8,17.38,155,19.38,87,78,1.065,NA
120% SYA,3,L,24,14/08/2018,am,n,1,0,1,3,22/05/2018,26/05/2018,84,80,403,420,1.042183623,4.8,5,ta,162,8,20.25,142,17.75,37,25,1.045,NA
100% SYA,2,L,25,02/08/2018,am,n,1,0,1,1,22/05/2018,26/05/2018,72,68,676,553,0.818047337,9.39,7.68,tb,169,8,21.13,222,27.75,97,83,1.04,NA
100% SYA,2,L,26,24/07/2018,am,n,1,0,1,4,22/05/2018,26/05/2018,63,59,608,516,0.848684211,9.65,8.19,ta,134,7,19.14,176,25.14,70,68,1.03,NA
20% SYA,1,L,27,14/07/2018,am,n,1,1,0,1,21/05/2018,26/05/2018,54,49,431,322,0.747099768,7.98,5.96,ta,90,5,18,115,23,101,95,1.025,NA
100% SYA,2,L,28,22/07/2018,am,n,1,0,1,2,22/05/2018,26/05/2018,61,57,283,240,0.848056537,4.64,3.93,tc,90,6,15,107,17.83,75,64,1.02,1.58
120% SYA,3,L,29,08/08/2018,am,n,1,0,1,1,22/05/2018,26/05/2018,78,74,659,551,0.836115326,8.45,7.06,ta,165,8,20.63,187,23.38,89,64,1.015,1.505
120% SYA,3,L,30,17/07/2018,am,n,1,0,1,1,22/05/2018,26/05/2018,56,52,302,55,0.182119205,5.39,0.98,ta,22,7,3.14,83,11.86,92,9,1.04,1.48
20% SYA,1,L,31,16/07/2018,pm,n,1,0,1,1,21/05/2018,26/05/2018,56,51,28,25,0.892857143,0.5,0.45,tc,3,6,0.5,4,0.67,24,22,NA,NA
120% SYA,3,L,32,29/05/2018,pm,n,0,0,0,2,22/05/2018,26/05/2018,7,3,47,39,0.829787234,6.71,5.57,tc,0,0,NA,0,NA,47,39,NA,NA
120% SYA,3,L,33,03/08/2018,pm,n,1,0,1,3,22/05/2018,26/05/2018,73,69,645,506,0.784496124,8.84,6.93,tc,173,8,21.63,237,29.63,86,76,1.035,NA
20% SYA,1,L,34,16/07/2018,am,n,1,0,1,3,21/05/2018,26/05/2018,56,51,483,405,0.838509317,8.63,7.23,ta,118,6,19.67,147,24.5,90,77,0.95,1.465
20% SYA,1,L,35,15/08/2018,pm,n,1,0,1,2,22/05/2018,26/05/2018,85,81,557,429,0.770197487,6.55,5.05,tc,141,9,15.67,162,18,86,83,0.97,1.435
100% SYA,2,L,36,30/06/2018,am,n,0,0,0,1,22/05/2018,26/05/2018,39,35,78,60,0.769230769,2,1.54,tc,16,4,4,26,6.5,13,12,1,NA
120% SYA,3,L,37,09/08/2018,am,n,1,0,1,4,22/05/2018,26/05/2018,79,75,380,309,0.813157895,4.81,3.91,tb,141,8,17.63,161,20.13,22,2,1.03,1.505
120% SYA,3,L,38,28/07/2018,am,n,1,0,1,1,22/05/2018,26/05/2018,67,63,536,360,0.671641791,8,5.37,tb,115,7,16.43,155,22.14,75,26,1.005,NA
120% SYA,3,L,39,24/07/2018,am,n,1,0,1,2,22/05/2018,26/05/2018,63,59,576,478,0.829861111,9.14,7.59,tc,163,7,23.29,195,27.86,82,67,1.03,1.535
20% SYA,1,L,40,22/07/2018,am,n,1,0,1,2,21/05/2018,26/05/2018,62,57,435,335,0.770114943,7.02,5.4,tc,114,6,19,142,23.67,80,67,0.965,1.47
20% SYA,1,L,41,18/07/2018,pm,n,1,0,1,1,21/05/2018,26/05/2018,58,53,441,350,0.793650794,7.6,6.03,tb,101,6,16.83,118,19.67,92,84,0.975,1.455
100% SYA,2,L,42,28/05/2018,pm,y,0,0,0,2,22/05/2018,26/05/2018,6,2,7,7,1,1.17,1.17,tb,0,0,NA,0,NA,7,7,1.015,1.51
20% SYA,1,L,43,31/07/2018,am,n,1,0,1,1,22/05/2018,26/05/2018,70,66,479,353,0.736951983,6.84,5.04,tb,100,7,14.29,120,17.14,105,94,1.02,1.5
100% SYA,2,L,44,02/08/2018,am,n,1,0,1,4,22/05/2018,26/05/2018,72,68,569,442,0.776801406,7.9,6.14,ta,139,8,17.38,152,19,90,65,1.06,1.57
20% SYA,1,L,45,27/07/2018,am,n,1,0,1,1,22/05/2018,26/05/2018,66,62,558,434,0.777777778,8.45,6.58,ta,168,7,24,203,29,47,23,0.955,1.465
20% SYA,1,L,46,21/07/2018,pm,n,1,0,1,2,22/05/2018,26/05/2018,60,56,281,229,0.814946619,4.68,3.82,tc,49,6,8.17,60,10,68,65,0.995,1.5
20% SYA,1,L,47,30/05/2018,pm,n,1,1,0,4,22/05/2018,26/05/2018,8,4,1,1,1,0.13,0.13,tc,0,0,NA,0,NA,1,1,0.925,1.39
100% SYA,2,L,48,24/07/2018,am,n,1,0,1,1,22/05/2018,26/05/2018,63,59,486,407,0.83744856,7.71,6.46,ta,160,7,22.86,193,27.57,90,82,1.015,NA
20% SYA,1,L,49,06/08/2018,pm,n,1,0,1,2,22/05/2018,26/05/2018,76,72,478,353,0.738493724,6.29,4.64,tc,122,8,15.25,150,18.75,63,56,NA,NA
100% SYA,2,L,50,28/05/2018,pm,y,0,0,0,1,22/05/2018,26/05/2018,6,2,10,7,0.7,1.67,1.17,ta,0,0,NA,0,NA,10,7,1.05,1.555
120% SYA,3,L,51,22/07/2018,am,n,1,0,1,1,22/05/2018,26/05/2018,61,57,388,270,0.695876289,6.36,4.43,ta,132,6,22,178,29.67,39,31,1.065,1.5
120% SYA,3,L,52,20/07/2018,am,n,1,0,1,4,22/05/2018,26/05/2018,59,55,435,267,0.613793103,7.37,4.53,tb,69,6,11.5,134,22.33,99,85,1.05,1.595
20% SYA,1,L,53,01/08/2018,am,n,1,0,1,4,22/05/2018,26/05/2018,71,67,219,162,0.739726027,3.08,2.28,ta,66,8,8.25,79,9.88,22,18,0.85,NA
100% SYA,2,L,54,27/07/2018,am,n,1,0,1,4,22/05/2018,26/05/2018,66,62,654,547,0.836391437,9.91,8.29,tc,222,7,31.71,265,37.86,78,65,0.99,1.54
120% SYA,3,L,55,27/07/2018,am,n,1,0,1,3,22/05/2018,26/05/2018,66,62,602,509,0.84551495,9.12,7.71,ta,158,7,22.57,185,26.43,122,107,1.04,NA
20% SYA,1,L,56,12/08/2018,am,n,1,0,1,1,21/05/2018,26/05/2018,83,78,375,300,0.8,4.52,3.61,tc,115,9,12.78,141,15.67,46,30,NA,NA
120% SYA,3,L,57,15/08/2018,am,n,1,0,1,1,22/05/2018,26/05/2018,85,81,421,337,0.800475059,4.95,3.96,ta,140,9,15.56,184,20.44,43,30,1.04,1.53
20% SYA,1,L,58,02/08/2018,am,n,1,0,1,2,21/05/2018,26/05/2018,73,68,449,401,0.893095768,6.15,5.49,tb,124,8,15.5,142,17.75,81,75,0.97,1.405
120% SYA,3,L,59,17/06/2018,pm,n,1,1,0,3,22/05/2018,26/05/2018,26,22,240,197,0.820833333,9.23,7.58,tb,35,2,17.5,38,19,124,96,1.005,1.54
100% SYA,2,L,60,30/07/2018,am,n,1,0,1,2,22/05/2018,26/05/2018,69,65,469,380,0.810234542,6.8,5.51,tc,138,7,19.71,156,22.29,79,70,1.075,NA
20% SYA,1,L,61,30/07/2018,pm,n,1,0,1,3,21/05/2018,26/05/2018,70,65,290,275,0.948275862,4.14,3.93,ta,108,7,15.43,105,15,49,43,0.915,NA
20% SYA,1,L,62,30/07/2018,am,n,1,0,1,1,21/05/2018,26/05/2018,70,65,384,309,0.8046875,5.49,4.41,tb,108,7,15.43,126,18,57,51,0.955,1.43
20% SYA,1,L,63,30/07/2018,am,n,1,0,1,1,21/05/2018,26/05/2018,70,65,447,379,0.84787472,6.39,5.41,tc,142,7,20.29,159,22.71,61,52,1.005,NA
20% SYA,1,L,64,06/08/2018,am,n,1,0,1,1,21/05/2018,26/05/2018,77,72,546,473,0.866300366,7.09,6.14,ta,148,8,18.5,157,19.63,84,72,0.995,1.495
120% SYA,3,L,65,22/07/2018,pm,n,1,0,1,1,22/05/2018,26/05/2018,61,57,358,243,0.67877095,5.87,3.98,tb,86,6,14.33,109,18.17,40,35,1.01,1.535
100% SYA,2,L,66,29/05/2018,am,n,1,1,0,1,22/05/2018,26/05/2018,7,3,9,9,1,1.29,1.29,tb,0,0,NA,0,NA,9,9,1.04,1.565
20% SYA,1,L,67,27/07/2018,am,n,1,0,1,3,21/05/2018,26/05/2018,67,62,389,335,0.861182519,5.81,5,ta,101,7,14.43,136,19.43,62,64,0.93,1.45
100% SYA,2,L,68,27/07/2018,am,n,1,0,1,4,22/05/2018,26/05/2018,66,62,278,191,0.68705036,4.21,2.89,tc,73,7,10.43,107,15.29,10,7,1.08,NA
120% SYA,3,L,69,29/07/2018,am,n,1,0,1,1,22/05/2018,26/05/2018,68,64,416,364,0.875,6.12,5.35,tb,117,7,16.71,127,18.14,90,89,1.06,1.53
120% SYA,3,L,70,22/07/2018,am,n,1,0,1,2,22/05/2018,26/05/2018,61,57,521,472,0.905950096,8.54,7.74,tb,122,6,20.33,127,21.17,125,108,1.07,NA
100% SYA,2,L,71,30/05/2018,am,n,1,1,0,2,22/05/2018,26/05/2018,8,4,2,2,1,0.25,0.25,ta,0,0,NA,0,NA,2,2,1.07,1.49
120% SYA,3,L,72,18/08/2018,am,n,1,0,1,1,22/05/2018,26/05/2018,88,84,463,374,0.807775378,5.26,4.25,tb,111,10,11.1,130,13,93,79,1.015,1.5
120% SYA,3,L,73,05/06/2018,am,n,1,1,0,2,22/05/2018,26/05/2018,14,10,135,118,0.874074074,9.64,8.43,tc,0,0,NA,0,NA,135,118,1.055,1.53
100% SYA,2,L,74,08/08/2018,am,n,1,0,1,4,22/05/2018,26/05/2018,78,74,503,362,0.719681909,6.45,4.64,ta,127,8,15.88,152,19,115,54,NA,NA
100% SYA,2,L,75,05/06/2018,pm,n,1,1,0,1,22/05/2018,26/05/2018,14,10,100,89,0.89,7.14,6.36,ta,0,0,NA,0,NA,100,89,1.04,1.55
120% SYA,3,L,76,29/07/2018,am,n,1,0,1,4,22/05/2018,26/05/2018,68,64,430,319,0.741860465,6.32,4.69,ta,99,7,14.14,132,18.86,101,94,1.08,NA
20% SYA,1,L,77,07/08/2018,am,n,1,0,1,1,22/05/2018,26/05/2018,77,73,405,328,0.809876543,5.26,4.26,tb,122,8,15.25,156,19.5,74,69,NA,NA
120% SYA,3,L,78,31/05/2018,am,n,0,0,0,2,22/05/2018,26/05/2018,9,5,73,65,0.890410959,8.11,7.22,tc,0,0,NA,0,NA,73,65,NA,NA
120% SYA,3,L,79,27/07/2018,pm,n,1,0,1,3,22/05/2018,26/05/2018,66,62,537,428,0.797020484,8.14,6.48,tb,147,7,21,183,26.14,56,31,0.97,1.515
100% SYA,2,L,80,01/07/2018,pm,n,1,1,0,2,22/05/2018,26/05/2018,40,36,112,61,0.544642857,2.8,1.53,tb,19,4,4.75,31,7.75,19,10,1.055,1.525
20% SYA,1,L,81,02/08/2018,am,n,1,0,1,1,21/05/2018,26/05/2018,73,68,511,432,0.845401174,7,5.92,tc,135,8,16.88,159,19.88,84,81,0.935,1.365
100% SYA,2,L,82,19/07/2018,am,n,1,0,1,1,22/05/2018,26/05/2018,58,54,528,470,0.890151515,9.1,8.1,tb,141,6,23.5,155,25.83,133,118,1.02,1.48
20% SYA,1,L,83,27/07/2018,am,n,1,0,1,3,21/05/2018,26/05/2018,67,62,426,396,0.929577465,6.36,5.91,ta,154,7,22,155,22.14,56,54,0.9,1.435
100% SYA,2,L,84,18/07/2018,am,n,1,0,1,2,22/05/2018,26/05/2018,57,53,135,107,0.792592593,2.37,1.88,ta,21,6,3.5,36,6,69,62,1.06,1.525
120% SYA,3,L,85,21/06/2018,am,n,1,1,0,1,22/05/2018,26/05/2018,30,26,285,245,0.859649123,9.5,8.17,ta,106,3,35.33,113,37.67,60,55,0.99,1.505
100% SYA,2,L,86,07/08/2018,am,n,1,0,1,2,22/05/2018,26/05/2018,77,73,511,396,0.774951076,6.64,5.14,tb,149,8,18.63,183,22.88,41,2,1.05,NA
120% SYA,3,L,87,14/08/2018,am,n,1,0,1,3,22/05/2018,26/05/2018,84,80,612,475,0.776143791,7.29,5.65,tb,161,9,17.89,253,28.11,104,99,NA,NA
100% SYA,2,L,88,20/06/2018,pm,n,1,1,0,1,22/05/2018,26/05/2018,29,25,260,232,0.892307692,8.97,8,tb,39,2,19.5,44,22,99,93,1.06,1.525
120% SYA,3,L,89,23/07/2018,am,n,1,0,1,1,22/05/2018,26/05/2018,62,58,539,430,0.797773655,8.69,6.94,ta,171,6,28.5,201,33.5,122,109,1.04,NA
20% SYA,1,L,90,15/07/2018,am,n,1,0,1,2,21/05/2018,26/05/2018,55,50,504,469,0.930555556,9.16,8.53,tc,146,5,29.2,154,30.8,70,68,0.99,1.455
100% SYA,2,L,91,07/08/2018,am,n,1,0,1,1,22/05/2018,26/05/2018,77,73,551,484,0.878402904,7.16,6.29,tb,158,8,19.75,189,23.63,99,89,0.97,1.54
20% SYA,1,L,92,18/07/2018,pm,n,1,0,1,1,21/05/2018,26/05/2018,58,53,229,172,0.751091703,3.95,2.97,tc,86,6,14.33,101,16.83,27,22,0.895,NA
20% SYA,1,L,93,12/08/2018,am,n,1,0,1,1,21/05/2018,26/05/2018,83,78,615,480,0.780487805,7.41,5.78,tb,166,9,18.44,199,22.11,77,73,1.005,NA
20% SYA,1,L,94,24/07/2018,pm,n,1,0,1,4,21/05/2018,26/05/2018,64,59,313,157,0.501597444,4.89,2.45,tb,43,7,6.14,120,17.14,27,10,0.935,1.395
120% SYA,3,L,95,20/07/2018,am,n,1,0,1,1,22/05/2018,26/05/2018,59,55,626,555,0.88658147,10.61,9.41,ta,186,6,31,186,31,100,73,1.045,NA
20% SYA,1,L,96,27/07/2018,am,n,1,0,1,4,22/05/2018,26/05/2018,66,62,460,386,0.839130435,6.97,5.85,tb,131,7,18.71,158,22.57,41,36,0.99,NA
120% SYA,3,L,97,07/08/2018,am,n,1,0,1,3,22/05/2018,26/05/2018,77,73,391,345,0.882352941,5.08,4.48,ta,135,8,16.88,150,18.75,92,92,1.095,NA
20% SYA,1,L,98,24/07/2018,am,n,1,0,1,3,21/05/2018,26/05/2018,64,59,647,548,0.84698609,10.11,8.56,ta,177,7,25.29,213,30.43,90,85,0.98,1.49
100% SYA,2,L,99,14/07/2018,am,n,1,1,0,4,22/05/2018,26/05/2018,53,49,444,413,0.93018018,8.38,7.79,tc,118,5,23.6,127,25.4,105,94,1.01,1.485
100% SYA,2,L,100,15/07/2018,am,n,1,1,0,3,22/05/2018,26/05/2018,54,50,343,308,0.897959184,6.35,5.7,tc,88,5,17.6,105,21,87,84,1.02,NA
100% SYA,2,L,101,05/08/2018,am,n,1,0,1,4,22/05/2018,26/05/2018,75,71,712,614,0.862359551,9.49,8.19,tb,187,8,23.38,197,24.63,130,102,NA,NA
20% SYA,1,L,102,23/07/2018,pm,n,1,0,1,4,22/05/2018,26/05/2018,62,58,546,459,0.840659341,8.81,7.4,tb,145,7,20.71,172,24.57,27,12,0.97,1.46
120% SYA,3,L,103,08/08/2018,am,n,1,0,1,2,22/05/2018,26/05/2018,78,74,398,252,0.633165829,5.1,3.23,ta,70,8,8.75,106,13.25,104,94,NA,NA
120% SYA,3,L,104,27/07/2018,am,n,1,0,1,4,22/05/2018,26/05/2018,66,62,381,242,0.635170604,5.77,3.67,ta,83,7,11.86,136,19.43,59,52,1.055,1.555
20% SYA,1,L,105,05/08/2018,pm,n,1,0,1,2,21/05/2018,26/05/2018,76,71,225,228,1.013333333,2.96,3,ta,94,8,11.75,91,11.38,25,27,NA,NA
120% SYA,3,L,106,29/07/2018,am,n,1,0,1,4,22/05/2018,26/05/2018,68,64,667,584,0.875562219,9.81,8.59,tb,148,7,21.14,175,25,125,117,1.065,1.57
120% SYA,3,L,107,02/08/2018,am,n,1,0,1,3,22/05/2018,26/05/2018,72,68,470,421,0.895744681,6.53,5.85,tc,208,8,26,219,27.38,32,28,1.015,1.51
120% SYA,3,L,108,16/07/2018,pm,n,1,0,1,1,22/05/2018,26/05/2018,55,51,380,342,0.9,6.91,6.22,tb,66,6,11,62,10.33,90,86,1.075,1.48
100% SYA,2,L,109,16/07/2018,am,n,1,0,1,3,22/05/2018,26/05/2018,55,51,290,173,0.596551724,5.27,3.15,tc,61,6,10.17,145,24.17,49,38,1.025,1.48
100% SYA,2,L,110,03/08/2018,pm,n,1,0,1,2,22/05/2018,26/05/2018,73,69,367,275,0.749318801,5.03,3.77,tc,112,8,14,142,17.75,67,51,1.025,1.595
20% SYA,1,L,111,28/07/2018,am,n,1,0,1,3,21/05/2018,26/05/2018,68,63,455,415,0.912087912,6.69,6.1,tb,158,7,22.57,173,24.71,43,44,0.925,NA
20% SYA,1,L,112,25/07/2018,am,n,1,0,1,4,21/05/2018,26/05/2018,65,60,407,338,0.83046683,6.26,5.2,tb,104,7,14.86,145,20.71,58,52,0.91,NA
100% SYA,2,L,113,28/05/2018,pm,y,0,0,0,2,22/05/2018,26/05/2018,6,2,3,3,1,0.5,0.5,ta,0,0,NA,0,NA,3,3,1.025,NA
120% SYA,3,L,114,27/07/2018,pm,n,1,0,1,4,22/05/2018,26/05/2018,66,62,522,451,0.863984674,7.91,6.83,ta,131,7,18.71,151,21.57,101,89,1.09,NA
120% SYA,3,L,115,21/06/2018,am,n,1,1,0,2,22/05/2018,26/05/2018,30,26,118,73,0.618644068,3.93,2.43,ta,31,3,10.33,51,17,47,35,1.01,1.46
20% SYA,1,L,116,29/07/2018,am,n,1,0,1,4,21/05/2018,26/05/2018,69,64,318,178,0.559748428,4.61,2.58,tc,57,7,8.14,85,12.14,59,59,1.025,1.48
120% SYA,3,L,117,29/07/2018,am,n,1,0,1,1,22/05/2018,26/05/2018,68,64,566,417,0.736749117,8.32,6.13,tb,106,7,15.14,159,22.71,101,85,1.03,NA
100% SYA,2,L,118,02/08/2018,pm,n,1,0,1,2,22/05/2018,26/05/2018,72,68,571,460,0.805604203,7.93,6.39,tb,162,8,20.25,192,24,104,85,1.08,NA
20% SYA,1,L,119,05/08/2018,pm,n,1,0,1,2,21/05/2018,26/05/2018,76,71,336,298,0.886904762,4.42,3.92,tb,113,8,14.13,127,15.88,51,48,NA,NA
100% SYA,2,L,120,29/07/2018,am,n,1,0,1,1,22/05/2018,26/05/2018,68,64,613,525,0.856443719,9.01,7.72,tb,127,7,18.14,165,23.57,114,112,1.025,NA
120% SYA,3,L,121,16/07/2018,pm,n,1,0,1,3,22/05/2018,26/05/2018,55,51,538,499,0.927509294,9.78,9.07,tc,128,6,21.33,139,23.17,139,124,1.015,NA
100% SYA,2,L,122,17/07/2018,am,n,1,0,1,1,22/05/2018,26/05/2018,56,52,308,217,0.704545455,5.5,3.88,tb,59,6,9.83,90,15,24,19,1.025,1.58
20% SYA,1,L,123,21/07/2018,am,n,1,0,1,3,21/05/2018,26/05/2018,61,56,340,245,0.720588235,5.57,4.02,tc,72,6,12,102,17,58,50,0.945,NA
20% SYA,1,L,124,22/07/2018,am,n,1,0,1,1,22/05/2018,26/05/2018,61,57,586,529,0.902730375,9.61,8.67,tb,146,6,24.33,168,28,120,115,1.015,NA
120% SYA,3,L,125,31/07/2018,am,n,1,0,1,4,22/05/2018,26/05/2018,70,66,530,401,0.756603774,7.57,5.73,ta,165,7,23.57,242,34.57,53,48,1.06,1.53
120% SYA,3,L,126,08/08/2018,pm,n,1,0,1,3,22/05/2018,26/05/2018,78,74,517,286,0.553191489,6.63,3.67,tb,113,9,12.56,219,24.33,73,56,NA,NA
120% SYA,3,L,127,21/07/2018,pm,n,1,0,1,4,22/05/2018,26/05/2018,60,56,572,277,0.484265734,9.53,4.62,tc,60,6,10,133,22.17,114,63,0.995,1.54
120% SYA,3,L,128,05/08/2018,pm,n,1,0,1,1,22/05/2018,26/05/2018,75,71,0,0,#DIV/0!,0,0,ta,0,8,0,0,0,0,0,NA,NA
100% SYA,2,L,129,22/07/2018,am,n,1,0,1,3,22/05/2018,26/05/2018,61,57,693,589,0.84992785,11.36,9.66,tc,175,6,29.17,203,33.83,130,120,1.09,1.535
100% SYA,2,L,130,18/07/2018,am,n,1,0,1,1,22/05/2018,26/05/2018,57,53,388,302,0.778350515,6.81,5.3,ta,72,6,12,100,16.67,100,96,1.02,1.48
100% SYA,2,L,131,08/08/2018,pm,n,1,0,1,1,22/05/2018,26/05/2018,78,74,577,495,0.857885615,7.4,6.35,tc,106,9,11.78,132,14.67,121,115,NA,NA
20% SYA,1,L,132,22/07/2018,am,n,1,0,1,1,22/05/2018,26/05/2018,61,57,454,402,0.885462555,7.44,6.59,ta,136,6,22.67,154,25.67,83,69,0.95,1.48
120% SYA,3,L,133,23/07/2018,am,n,1,0,1,1,22/05/2018,26/05/2018,62,58,285,196,0.687719298,4.6,3.16,ta,49,6,8.17,83,13.83,70,62,1.07,1.52
100% SYA,2,L,134,08/08/2018,pm,n,1,0,1,4,22/05/2018,26/05/2018,78,74,663,539,0.812971342,8.5,6.91,tb,203,9,22.56,225,25,64,44,NA,NA
120% SYA,3,L,135,08/08/2018,am,n,1,0,1,2,22/05/2018,26/05/2018,78,74,424,336,0.79245283,5.44,4.31,tc,80,8,10,127,15.88,96,84,NA,NA
120% SYA,3,L,136,05/08/2018,pm,n,1,0,1,4,22/05/2018,26/05/2018,75,71,570,455,0.798245614,7.6,6.07,ta,126,8,15.75,160,20,118,108,NA,NA
20% SYA,1,L,137,09/07/2018,am,n,1,1,0,2,21/05/2018,26/05/2018,49,44,328,303,0.923780488,6.69,6.18,ta,104,5,20.8,107,21.4,51,39,0.965,1.4
20% SYA,1,L,138,13/07/2018,pm,n,1,1,0,1,21/05/2018,26/05/2018,53,48,167,127,0.760479042,3.15,2.4,tb,24,2,12,52,26,87,80,1.01,1.52
20% SYA,1,L,139,02/08/2018,am,n,1,0,1,3,22/05/2018,26/05/2018,72,68,545,464,0.851376147,7.57,6.44,tc,154,8,19.25,170,21.25,74,50,0.995,1.46
100% SYA,2,L,140,17/07/2018,am,n,1,0,1,4,22/05/2018,26/05/2018,56,52,609,444,0.729064039,10.88,7.93,ta,162,6,27,210,35,69,33,1.03,NA
100% SYA,2,L,141,30/07/2018,am,n,1,0,1,2,22/05/2018,26/05/2018,69,65,482,437,0.906639004,6.99,6.33,tc,146,7,20.86,166,23.71,72,68,1.025,1.56
100% SYA,2,L,142,28/05/2018,pm,y,0,0,0,2,22/05/2018,26/05/2018,6,2,26,24,0.923076923,4.33,4,tc,0,0,NA,0,NA,26,24,1.065,1.54
20% SYA,1,L,143,24/07/2018,am,n,1,0,1,2,21/05/2018,26/05/2018,64,59,440,409,0.929545455,6.88,6.39,tb,141,7,20.14,147,21,72,66,0.955,NA
20% SYA,1,L,144,01/08/2018,am,n,1,0,1,3,21/05/2018,26/05/2018,72,67,404,319,0.78960396,5.61,4.43,tb,88,8,11,124,15.5,109,91,0.96,NA
20% SYA,1,L,145,17/07/2018,pm,n,1,0,1,4,21/05/2018,26/05/2018,57,52,435,400,0.91954023,7.63,7.02,tb,113,6,18.83,119,19.83,98,86,0.92,1.37
120% SYA,3,L,146,23/07/2018,am,n,1,0,1,1,22/05/2018,26/05/2018,62,58,669,572,0.855007474,10.79,9.23,ta,207,7,29.57,239,34.14,68,26,1.02,NA
20% SYA,1,L,147,15/07/2018,am,n,1,0,1,1,21/05/2018,26/05/2018,55,50,370,273,0.737837838,6.73,4.96,tb,98,5,19.6,138,27.6,74,58,0.995,NA
20% SYA,1,L,148,11/08/2018,am,n,1,0,1,2,21/05/2018,26/05/2018,82,77,453,354,0.781456954,5.52,4.32,ta,122,9,13.56,156,17.33,60,49,NA,NA
100% SYA,2,L,149,28/05/2018,pm,y,0,0,0,2,22/05/2018,26/05/2018,6,2,0,0,#DIV/0!,0,0,ta,0,0,NA,0,NA,0,0,1.05,1.555
100% SYA,2,L,150,25/07/2018,pm,n,1,0,1,2,22/05/2018,26/05/2018,64,60,416,345,0.829326923,6.5,5.39,tb,112,7,16,142,20.29,68,59,1.065,NA
120% SYA,3,L,151,02/08/2018,am,n,1,0,1,4,22/05/2018,26/05/2018,72,68,481,425,0.883575884,6.68,5.9,ta,145,8,18.13,164,20.5,55,57,1.06,NA
120% SYA,3,L,152,30/07/2018,am,n,1,0,1,4,22/05/2018,26/05/2018,69,65,434,398,0.917050691,6.29,5.77,tc,108,7,15.43,116,16.57,49,43,1.05,NA
120% SYA,3,L,153,16/07/2018,pm,n,1,0,1,1,22/05/2018,26/05/2018,55,51,547,490,0.895795247,9.95,8.91,tb,152,6,25.33,174,29,116,117,1.06,1.55
100% SYA,2,L,154,28/05/2018,pm,y,0,0,0,1,22/05/2018,26/05/2018,6,2,11,11,1,1.83,1.83,tb,0,0,NA,0,NA,11,11,1.09,1.505
20% SYA,1,L,155,07/08/2018,am,n,1,0,1,3,21/05/2018,26/05/2018,78,73,569,518,0.910369069,7.29,6.64,ta,169,8,21.13,194,24.25,107,103,NA,NA
20% SYA,1,L,156,23/07/2018,am,n,1,0,1,4,22/05/2018,26/05/2018,62,58,129,106,0.821705426,2.08,1.71,tc,31,6,5.17,44,7.33,31,33,1.015,1.375
100% SYA,2,L,157,21/07/2018,pm,n,1,0,1,4,22/05/2018,26/05/2018,60,56,543,401,0.738489871,9.05,6.68,tc,123,6,20.5,164,27.33,102,82,1.035,1.545
100% SYA,2,L,158,21/07/2018,am,n,1,0,1,4,22/05/2018,26/05/2018,60,56,2,2,1,0.03,0.03,tc,0,6,0,0,0,2,2,1.03,NA
100% SYA,2,L,159,17/07/2018,am,n,1,0,1,2,22/05/2018,26/05/2018,56,52,259,239,0.922779923,4.63,4.27,tc,45,6,7.5,53,8.83,52,53,1.045,NA
100% SYA,2,L,160,28/05/2018,pm,y,0,0,0,4,22/05/2018,26/05/2018,6,2,17,14,0.823529412,2.83,2.33,tc,0,0,NA,0,NA,17,14,1.05,1.555
120% SYA,3,L,161,22/07/2018,pm,n,1,0,1,4,22/05/2018,26/05/2018,61,57,597,523,0.876046901,9.79,8.57,tc,166,6,27.67,188,31.33,105,99,1.05,1.5
100% SYA,2,L,162,28/05/2018,pm,y,0,0,0,2,22/05/2018,26/05/2018,6,2,10,10,1,1.67,1.67,tb,0,0,NA,0,NA,10,10,1.05,NA
100% SYA,2,L,163,28/05/2018,pm,y,0,0,0,3,22/05/2018,26/05/2018,6,2,9,9,1,1.5,1.5,tc,0,0,NA,0,NA,9,9,1.055,1.51
120% SYA,3,L,164,22/07/2018,pm,n,1,0,1,3,22/05/2018,26/05/2018,61,57,547,340,0.621572212,8.97,5.57,tb,131,6,21.83,207,34.5,56,32,1.045,1.56
120% SYA,3,L,165,27/07/2018,am,n,1,0,1,3,22/05/2018,26/05/2018,66,62,480,445,0.927083333,7.27,6.74,ta,105,7,15,110,15.71,98,92,1.055,NA
120% SYA,3,L,166,16/07/2018,am,n,1,0,1,4,22/05/2018,26/05/2018,55,51,336,290,0.863095238,6.11,5.27,tb,104,6,17.33,109,18.17,90,84,1.04,1.515
100% SYA,2,L,167,05/08/2018,am,n,1,0,1,3,22/05/2018,26/05/2018,75,71,725,659,0.908965517,9.67,8.79,tc,215,8,26.88,242,30.25,52,49,NA,NA
20% SYA,1,L,168,19/07/2018,pm,n,1,0,1,2,22/05/2018,26/05/2018,58,54,471,401,0.851380042,8.12,6.91,ta,144,6,24,166,27.67,57,35,1.005,NA